X1,X2,X3,Y,NX1,NX2,NX3,NY,,,,,,,,,,,,
5362.86,5278.92,5461.99,5416.77,-1.471108178,-1.519552585,-1.515589132,-1.528003745,,,,,,,,,,,,
5416.77,5362.86,5278.92,5450.28,-1.447572388,-1.481401646,-1.477433373,-1.489856482,,,,,,,,,x1,x2,x3,Y
5450.28,5416.77,5362.86,5465.3,-1.432484236,-1.456899417,-1.452928048,-1.465356614,,,,,,,,MEAN,8626.900327,8622.251277,8613.11095,8641.174043
5465.3,5450.28,5416.77,5371.22,-1.425721359,-1.441669039,-1.437695745,-1.450127703,,,,,,,,SD,2218.762954,2200.207739,2199.932009,2200.416124
5371.22,5465.3,5450.28,5384.65,-1.468081648,-1.434842412,-1.430868255,-1.443301733,,,,,,,,,,,,
5384.65,5371.22,5465.3,5202.28,-1.462034681,-1.477602005,-1.473633252,-1.486057207,,,,,,,,,,,,
5202.28,5384.65,5371.22,5318.49,-1.544148265,-1.471498037,-1.467528512,-1.479953827,,,,,,,,,,,,
5318.49,5202.28,5384.65,5305.89,-1.491823762,-1.554385655,-1.550426604,-1.562833459,,,,,,,,,,,,
5305.89,5318.49,5202.28,5264.91,-1.497497015,-1.501567921,-1.497602196,-1.510020814,,,,,,,,,,,,
5264.91,5305.89,5318.49,5249.32,-1.515948595,-1.507294653,-1.503329651,-1.515746994,,,,,,,,,,,,
5249.32,5264.91,5305.89,5104.3,-1.52296812,-1.525920164,-1.521957517,-1.534370711,,,,,,,,,,,,
5104.3,5249.32,5264.91,5081.47,-1.588264561,-1.533005858,-1.529044106,-1.541455722,,,,,,,,,,,,
5081.47,5104.3,5249.32,5089.36,-1.598543955,-1.598917808,-1.594964385,-1.607361322,,,,,,,,,,,,
5089.36,5081.47,5104.3,5150.55,-1.594991418,-1.6092941,-1.605341988,-1.617736614,,,,,,,,,,,,
5150.55,5089.36,5081.47,5105.78,-1.56744012,-1.605708075,-1.60175551,-1.614150935,,,,,,,,,,,,
5105.78,5150.55,5089.36,5279.17,-1.587598179,-1.577897068,-1.573940989,-1.586342607,,,,,,,,,,,,
5279.17,5105.78,5150.55,5265.96,-1.509527913,-1.598245145,-1.594291637,-1.606688723,,,,,,,,,,,,
5265.96,5279.17,5105.78,5280.96,-1.515475824,-1.519438959,-1.515475492,-1.52789013,,,,,,,,,,,,
5280.96,5265.96,5279.17,5348.4,-1.508721951,-1.525442937,-1.521480229,-1.533893529,,,,,,,,,,,,
5348.4,5280.96,5265.96,5352.7,-1.47835654,-1.5186254,-1.51466183,-1.527076649,,,,,,,,,,,,
5352.7,5348.4,5280.96,5400.1,-1.476420429,-1.487973752,-1.484006309,-1.496427955,,,,,,,,,,,,
5400.1,5352.7,5348.4,5390.69,-1.455078192,-1.486019391,-1.482051702,-1.494473782,,,,,,,,,,,,
5390.69,5400.1,5352.7,5409.5,-1.459315121,-1.464475974,-1.460505562,-1.47293244,,,,,,,,,,,,
5409.5,5390.69,5400.1,5424.01,-1.450845765,-1.468752842,-1.46478297,-1.477208896,,,,,,,,,,,,
5424.01,5409.5,5390.69,5454.18,-1.444312519,-1.46020365,-1.456232698,-1.468660528,,,,,,,,,,,,
5454.18,5424.01,5409.5,5485.55,-1.43072823,-1.453608819,-1.449637034,-1.462066333,,,,,,,,,,,,
5485.55,5454.18,5424.01,5473.47,-1.416603631,-1.439896479,-1.435922961,-1.448355314,,,,,,,,,,,,
5473.47,5485.55,5454.18,5474.62,-1.422042749,-1.425638736,-1.421663417,-1.434098945,,,,,,,,,,,,
5474.62,5473.47,5485.55,5439.68,-1.421524952,-1.431129126,-1.4271545,-1.439588806,,,,,,,,,,,,
5439.68,5474.62,5473.47,5388.3,-1.437256973,-1.430606449,-1.426631756,-1.439066178,,,,,,,,,,,,
5388.3,5439.68,5474.62,5379.13,-1.460391238,-1.446486765,-1.44251408,-1.454944965,,,,,,,,,,,,
5379.13,5388.3,5439.68,5389.41,-1.464520106,-1.469839103,-1.465869369,-1.478295053,,,,,,,,,,,,
5389.41,5379.13,5388.3,5440.63,-1.459891452,-1.474006891,-1.470037683,-1.482462439,,,,,,,,,,,,
5440.63,5389.41,5379.13,5426.29,-1.436829228,-1.469334605,-1.465364807,-1.477790604,,,,,,,,,,,,
5426.29,5440.63,5389.41,5411.07,-1.44328593,-1.446054988,-1.442082248,-1.454513229,,,,,,,,,,,,
5411.07,5426.29,5440.63,5347,-1.45013886,-1.452572554,-1.448600637,-1.461030167,,,,,,,,,,,,
5347,5411.07,5426.29,5315.69,-1.478986901,-1.459490081,-1.455519039,-1.467947028,,,,,,,,,,,,
5315.69,5347,5411.07,5352.34,-1.493084485,-1.488610056,-1.484642693,-1.497064197,,,,,,,,,,,,
5352.34,5315.69,5347,5304.33,-1.476582522,-1.502840528,-1.498874964,-1.511293299,,,,,,,,,,,,
5304.33,5352.34,5315.69,5290.04,-1.498199418,-1.486183012,-1.482215343,-1.494637387,,,,,,,,,,,,
5290.04,5304.33,5352.34,5206.83,-1.504633607,-1.508003676,-1.504038765,-1.516455949,,,,,,,,,,,,
5206.83,5290.04,5304.33,5262.31,-1.54209959,-1.514498517,-1.510534426,-1.522950164,,,,,,,,,,,,
5262.31,5206.83,5290.04,5309,-1.517119266,-1.552317669,-1.548358357,-1.560765672,,,,,,,,,,,,
5309,5262.31,5206.83,5304.37,-1.496096712,-1.527101871,-1.523139373,-1.535552304,,,,,,,,,,,,
5304.37,5309,5262.31,5343.48,-1.498181407,-1.50588115,-1.50191597,-1.514333627,,,,,,,,,,,,
5343.48,5304.37,5309,5364.1,-1.48057181,-1.507985496,-1.504020582,-1.516437771,,,,,,,,,,,,
5364.1,5343.48,5304.37,5369.09,-1.471287486,-1.490209904,-1.486242744,-1.498663891,,,,,,,,,,,,
5369.09,5364.1,5343.48,5352.74,-1.469040698,-1.480838063,-1.476869719,-1.489292953,,,,,,,,,,,,
5352.74,5369.09,5364.1,5326.43,-1.476402419,-1.478570096,-1.474601465,-1.487025204,,,,,,,,,,,,
5326.43,5352.74,5369.09,5335.57,-1.488248712,-1.486001211,-1.482033519,-1.494455604,,,,,,,,,,,,
5335.57,5326.43,5352.74,5329.68,-1.484133352,-1.497959172,-1.493992991,-1.506412412,,,,,,,,,,,,
5329.68,5335.57,5326.43,5377.92,-1.486785373,-1.493805019,-1.489838313,-1.50225866,,,,,,,,,,,,
5377.92,5329.68,5335.57,5417.86,-1.465064918,-1.496482039,-1.492515671,-1.504935421,,,,,,,,,,,,
5417.86,5377.92,5329.68,5377.76,-1.447081607,-1.474556839,-1.470587701,-1.483012334,,,,,,,,,,,,
5377.76,5417.86,5377.92,5409.23,-1.46513696,-1.45640401,-1.452432577,-1.464861254,,,,,,,,,,,,
5409.23,5377.76,5417.86,5401.33,-1.450967335,-1.474629559,-1.47066043,-1.483085047,,,,,,,,,,,,
5401.33,5409.23,5377.76,5371.47,-1.454524374,-1.460326366,-1.456355429,-1.468783232,,,,,,,,,,,,
5371.47,5401.33,5409.23,5355.64,-1.467969083,-1.463916936,-1.459946453,-1.472373456,,,,,,,,,,,,
5355.64,5371.47,5401.33,5381.59,-1.47509667,-1.47748838,-1.473519612,-1.485943593,,,,,,,,,,,,
5381.59,5355.64,5371.47,5393.94,-1.463412471,-1.484683154,-1.480715295,-1.493137674,,,,,,,,,,,,
5393.94,5381.59,5355.64,5330.14,-1.457851782,-1.472888815,-1.468919466,-1.481344471,,,,,,,,,,,,
5330.14,5393.94,5381.59,5346.45,-1.486578254,-1.467275709,-1.463305651,-1.475731906,,,,,,,,,,,,
5346.45,5330.14,5393.94,5320.67,-1.479234543,-1.496272967,-1.492306573,-1.50472637,,,,,,,,,,,,
5320.67,5346.45,5330.14,5327.54,-1.490842199,-1.488860032,-1.484892701,-1.497314149,,,,,,,,,,,,
5327.54,5320.67,5346.45,5318.72,-1.487748925,-1.500577106,-1.496611256,-1.509030094,,,,,,,,,,,,
5318.72,5327.54,5320.67,5195.5,-1.491720202,-1.497454674,-1.493488429,-1.505907963,,,,,,,,,,,,
5195.5,5318.72,5327.54,5171.73,-1.547201015,-1.501463386,-1.497497648,-1.509916289,,,,,,,,,,,,
5171.73,5195.5,5318.72,5199.49,-1.557903652,-1.557467182,-1.553508521,-1.565914689,,,,,,,,,,,,
5199.49,5171.73,5195.5,5184.14,-1.545404485,-1.568270706,-1.56431341,-1.576717172,,,,,,,,,,,,
5184.14,5199.49,5171.73,5173.2,-1.552315948,-1.555653717,-1.551694827,-1.564101399,,,,,,,,,,,,
5173.2,5184.14,5199.49,5118.43,-1.557241772,-1.56263033,-1.558672321,-1.57107734,,,,,,,,,,,,
5118.43,5173.2,5184.14,5087.94,-1.581902413,-1.567602587,-1.563645207,-1.576049118,,,,,,,,,,,,
5087.94,5118.43,5173.2,4997.35,-1.595630785,-1.592495688,-1.588541454,-1.600939821,,,,,,,,,,,,
4997.35,5087.94,5118.43,5055.99,-1.636419673,-1.606353469,-1.602400985,-1.614796266,,,,,,,,,,,,
5055.99,4997.35,5087.94,5045.91,-1.610016533,-1.647526849,-1.643579568,-1.655965679,,,,,,,,,,,,
5045.91,5055.99,4997.35,5045.7,-1.614555136,-1.620874823,-1.616924175,-1.629316221,,,,,,,,,,,,
5045.7,5045.91,5055.99,4958.93,-1.61464969,-1.625456208,-1.621506139,-1.633897165,,,,,,,,,,,,
4958.93,5045.7,5045.91,4890.9,-1.653718592,-1.625551654,-1.621601596,-1.633992601,,,,,,,,,,,,
4890.9,4958.93,5045.7,4970.35,-1.684349656,-1.664988834,-1.66104376,-1.673425982,,,,,,,,,,,,
4970.35,4890.9,4958.93,5080.67,-1.648576644,-1.695908638,-1.691967472,-1.704342807,,,,,,,,,,,,
5080.67,4970.35,4890.9,5126.08,-1.598904162,-1.659798416,-1.655852686,-1.668236064,,,,,,,,,,,,
5126.08,5080.67,4970.35,5128.76,-1.578457938,-1.609657702,-1.605705636,-1.618100181,,,,,,,,,,,,
5128.76,5126.08,5080.67,5196.78,-1.577251246,-1.589018744,-1.58506407,-1.597463212,,,,,,,,,,,,
5196.78,5128.76,5126.08,5217.87,-1.546624685,-1.587800677,-1.58384585,-1.596245262,,,,,,,,,,,,
5217.87,5196.78,5128.76,5245.89,-1.53712874,-1.556885419,-1.552926684,-1.565332982,,,,,,,,,,,,
5245.89,5217.87,5196.78,5267.92,-1.524512505,-1.547299961,-1.543340015,-1.555748448,,,,,,,,,,,,
5267.92,5245.89,5217.87,5233.76,-1.514593318,-1.534564802,-1.530603246,-1.543014515,,,,,,,,,,,,
5233.76,5267.92,5245.89,5299.47,-1.529974137,-1.524552112,-1.520589291,-1.53300279,,,,,,,,,,,,
5299.47,5233.76,5267.92,5296.07,-1.500387672,-1.540077917,-1.536117058,-1.548527099,,,,,,,,,,,,
5296.07,5299.47,5233.76,5342.9,-1.50191855,-1.510212559,-1.506247926,-1.518664619,,,,,,,,,,,,
5342.9,5296.07,5299.47,5371.52,-1.48083296,-1.511757867,-1.50779343,-1.520209778,,,,,,,,,,,,
5371.52,5342.9,5296.07,5420.98,-1.467946571,-1.490473516,-1.486506389,-1.498927477,,,,,,,,,,,,
5420.98,5371.52,5342.9,5445.57,-1.445676801,-1.477465655,-1.473496884,-1.48592087,,,,,,,,,,,,
5445.57,5420.98,5371.52,5470.23,-1.434604952,-1.454985962,-1.45101435,-1.463443343,,,,,,,,,,,,
5470.23,5445.57,5420.98,5433.98,-1.423501586,-1.443809746,-1.439836722,-1.452268203,,,,,,,,,,,,
5433.98,5470.23,5445.57,5381.01,-1.439823445,-1.432601714,-1.428627275,-1.441061252,,,,,,,,,,,,
5381.01,5433.98,5470.23,5467.02,-1.46367362,-1.449077429,-1.445105072,-1.45753538,,,,,,,,,,,,
5467.02,5381.01,5433.98,5465.25,-1.424946915,-1.473152426,-1.46918311,-1.481608057,,,,,,,,,,,,
5465.25,5467.02,5381.01,5453.11,-1.425743872,-1.434060667,-1.430086412,-1.442520064,,,,,,,,,,,,
5453.11,5465.25,5467.02,5458.42,-1.431210006,-1.434865137,-1.430890983,-1.443324456,,,,,,,,,,,,
5458.42,5453.11,5465.25,5468.29,-1.428819135,-1.440382797,-1.43640934,-1.448841585,,,,,,,,,,,,
5468.29,5458.42,5453.11,5390.02,-1.424375087,-1.437969389,-1.433995627,-1.446428409,,,,,,,,,,,,
5390.02,5468.29,5458.42,5383.35,-1.459616794,-1.433483449,-1.429509121,-1.441942902,,,,,,,,,,,,
5383.35,5390.02,5468.29,5367.33,-1.462620016,-1.469057359,-1.465087526,-1.477513384,,,,,,,,,,,,
5367.33,5383.35,5390.02,5331.91,-1.469833152,-1.47208889,-1.46811944,-1.480544623,,,,,,,,,,,,
5331.91,5367.33,5383.35,5246.91,-1.485781297,-1.47937002,-1.47540149,-1.487825052,,,,,,,,,,,,
5246.91,5331.91,5367.33,5330.97,-1.524053242,-1.495468498,-1.491502002,-1.503921979,,,,,,,,,,,,
5330.97,5246.91,5331.91,5352.12,-1.48620454,-1.534101209,-1.530139595,-1.542550968,,,,,,,,,,,,
5352.12,5330.97,5246.91,5349.04,-1.476681579,-1.49589573,-1.491929289,-1.50434917,,,,,,,,,,,,
5349.04,5352.12,5330.97,5353.41,-1.478068374,-1.486283003,-1.482315346,-1.494737368,,,,,,,,,,,,
5353.41,5349.04,5352.12,5379.01,-1.476100746,-1.48768287,-1.483715391,-1.496137101,,,,,,,,,,,,
5379.01,5353.41,5349.04,5427.37,-1.464574137,-1.485696695,-1.481728964,-1.494151117,,,,,,,,,,,,
5427.37,5379.01,5353.41,5484.01,-1.442799651,-1.474061431,-1.47009223,-1.482516974,,,,,,,,,,,,
5484.01,5427.37,5379.01,5515.05,-1.417297028,-1.452081691,-1.448109713,-1.460539352,,,,,,,,,,,,
5515.05,5484.01,5427.37,5520.87,-1.403321014,-1.42633867,-1.422363439,-1.434798811,,,,,,,,,,,,
5520.87,5515.05,5484.01,5502.3,-1.400700512,-1.412230913,-1.408253899,-1.420692413,,,,,,,,,,,,
5502.3,5520.87,5515.05,5514.54,-1.409061806,-1.409585709,-1.40560836,-1.418047464,,,,,,,,,,,,
5514.54,5502.3,5520.87,5535.05,-1.403550646,-1.41802582,-1.414049538,-1.426486762,,,,,,,,,,,,
5535.05,5514.54,5502.3,5523.3,-1.394315851,-1.412462709,-1.408485725,-1.420924187,,,,,,,,,,,,
5523.3,5535.05,5514.54,5557.28,-1.399606384,-1.403140864,-1.399162701,-1.411603239,,,,,,,,,,,,
5557.28,5523.3,5535.05,5572.36,-1.384306611,-1.408481268,-1.40450378,-1.416943129,,,,,,,,,,,,
5572.36,5557.28,5523.3,5567.84,-1.377516718,-1.393037273,-1.389057834,-1.401500623,,,,,,,,,,,,
5567.84,5572.36,5557.28,5561.08,-1.379551885,-1.386183376,-1.38220307,-1.394647385,,,,,,,,,,,,
5561.08,5567.84,5572.36,5552.5,-1.38259563,-1.388237727,-1.384257681,-1.396701539,,,,,,,,,,,,
5552.5,5561.08,5567.84,5576.8,-1.386458846,-1.391310164,-1.387330506,-1.39977368,,,,,,,,,,,,
5576.8,5552.5,5561.08,5633.13,-1.375517572,-1.395209795,-1.39123063,-1.403672935,,,,,,,,,,,,
5633.13,5576.8,5552.5,5676.16,-1.350154529,-1.384165385,-1.380184824,-1.392629589,,,,,,,,,,,,
5676.16,5633.13,5576.8,5698.64,-1.330779919,-1.35856326,-1.354579464,-1.367029931,,,,,,,,,,,,
5698.64,5676.16,5633.13,5738.43,-1.320658115,-1.339006018,-1.335019751,-1.347474573,,,,,,,,,,,,
5738.43,5698.64,5676.16,5701.69,-1.302742342,-1.328788802,-1.324801244,-1.337258342,,,,,,,,,,,,
5701.69,5738.43,5698.64,5759.14,-1.319284828,-1.310704148,-1.306714305,-1.31917543,,,,,,,,,,,,
5759.14,5701.69,5738.43,5766.65,-1.293417496,-1.32740257,-1.323414836,-1.335872243,,,,,,,,,,,,
5766.65,5759.14,5701.69,5824.39,-1.290036057,-1.301291402,-1.297300369,-1.309763591,,,,,,,,,,,,
5824.39,5766.65,5759.14,5827.84,-1.264038149,-1.297878088,-1.293886624,-1.306350606,,,,,,,,,,,,
5827.84,5824.39,5766.65,5842.07,-1.262484759,-1.271635115,-1.267640334,-1.280110161,,,,,,,,,,,,
5842.07,5827.84,5824.39,5853.11,-1.256077585,-1.270067081,-1.266072102,-1.278542278,,,,,,,,,,,,
5853.11,5842.07,5827.84,5874.15,-1.251106735,-1.263599511,-1.259603715,-1.272075331,,,,,,,,,,,,
5874.15,5853.11,5842.07,5965.99,-1.241633303,-1.258581804,-1.254585373,-1.267058107,,,,,,,,,,,,
5965.99,5874.15,5853.11,5977.92,-1.200281591,-1.249019071,-1.245021433,-1.257496296,,,,,,,,,,,,
5977.92,5965.99,5874.15,6045.74,-1.194910011,-1.207277563,-1.20327465,-1.21575881,,,,,,,,,,,,
6045.74,5977.92,5965.99,6045.52,-1.164373502,-1.201855349,-1.19785175,-1.210337117,,,,,,,,,,,,
6045.52,6045.74,5977.92,6077.8,-1.164472559,-1.17103099,-1.167023496,-1.179515729,,,,,,,,,,,,
6077.8,6045.52,6045.74,6123.85,-1.149938225,-1.171130981,-1.167123499,-1.17961571,,,,,,,,,,,,
6123.85,6077.8,6045.52,6107.44,-1.129203835,-1.156459641,-1.152450305,-1.164945783,,,,,,,,,,,,
6107.44,6123.85,6077.8,6218.46,-1.136592572,-1.135529801,-1.131517821,-1.14401796,,,,,,,,,,,,
6218.46,6107.44,6123.85,6221.59,-1.086604909,-1.142988187,-1.138977149,-1.151475627,,,,,,,,,,,,
6221.59,6218.46,6107.44,6297.75,-1.085195601,-1.092529321,-1.088511907,-1.101021623,,,,,,,,,,,,
6297.75,6221.59,6218.46,6285.68,-1.050903938,-1.091106729,-1.087089135,-1.099599167,,,,,,,,,,,,
6285.68,6297.75,6221.59,6353.45,-1.056338555,-1.056491819,-1.052469851,-1.064987593,,,,,,,,,,,,
6353.45,6285.68,6297.75,6318.9,-1.025824558,-1.061977664,-1.05795639,-1.07047291,,,,,,,,,,,,
6318.9,6353.45,6285.68,6484.14,-1.041380978,-1.031176031,-1.027150864,-1.039674244,,,,,,,,,,,,
6484.14,6318.9,6353.45,6709.93,-0.966980317,-1.046879092,-1.042855909,-1.055375792,,,,,,,,,,,,
6709.93,6484.14,6318.9,6657.57,-0.865316522,-0.971777102,-0.967744428,-0.980281037,,,,,,,,,,,,
6657.57,6709.93,6484.14,6426.17,-0.888892041,-0.869154986,-0.865109344,-0.877668809,,,,,,,,,,,,
6426.17,6657.57,6709.93,6559.98,-0.993081783,-0.892952736,-0.888910102,-0.901464266,,,,,,,,,,,,
6559.98,6426.17,6657.57,6632.84,-0.932832736,-0.99812461,-0.994095267,-1.006626008,,,,,,,,,,,,
6632.84,6559.98,6426.17,6603.65,-0.900026925,-0.937307633,-0.933270604,-0.94581489,,,,,,,,,,,,
6603.65,6632.84,6559.98,6746.28,-0.913169962,-0.904192582,-0.900151368,-0.912703029,,,,,,,,,,,,
6746.28,6603.65,6632.84,6862.11,-0.848949638,-0.91745951,-0.913419972,-0.925968679,,,,,,,,,,,,
6862.11,6746.28,6603.65,6889.05,-0.796796233,-0.852633821,-0.848586091,-0.861149235,,,,,,,,,,,,
6889.05,6862.11,6746.28,6905.93,-0.784666278,-0.799988798,-0.795934416,-0.808509285,,,,,,,,,,,,
6905.93,6889.05,6862.11,6953.17,-0.77706592,-0.787744501,-0.783688572,-0.796266167,,,,,,,,,,,,
6953.17,6905.93,6889.05,6798.12,-0.755795723,-0.780072499,-0.7760156,-0.788594905,,,,,,,,,,,,
6798.12,6953.17,6905.93,6748.62,-0.825608254,-0.758601802,-0.75454219,-0.767126276,,,,,,,,,,,,
6748.62,6798.12,6953.17,6869.29,-0.847896034,-0.829072412,-0.825021705,-0.837590096,,,,,,,,,,,,
6869.29,6748.62,6798.12,6950.1,-0.793563379,-0.851570285,-0.847522421,-0.860085802,,,,,,,,,,,,
6950.1,6869.29,6748.62,7015.16,-0.757178016,-0.79672547,-0.792670676,-0.805246271,,,,,,,,,,,,
7015.16,6950.1,6869.29,6968.18,-0.727884219,-0.759997124,-0.755937689,-0.768521464,,,,,,,,,,,,
6968.18,7015.16,6950.1,7091.12,-0.749037348,-0.730427193,-0.726364021,-0.738954381,,,,,,,,,,,,
7091.12,6968.18,7015.16,7154.83,-0.693682608,-0.751779719,-0.747719246,-0.760304851,,,,,,,,,,,,
7154.83,7091.12,6968.18,7157.64,-0.664996659,-0.695903184,-0.691835649,-0.704433699,,,,,,,,,,,,
7157.64,7154.83,7091.12,7196.75,-0.663731434,-0.666946831,-0.662875637,-0.675480136,,,,,,,,,,,,
7196.75,7157.64,7154.83,7238.92,-0.646121836,-0.665669679,-0.661598324,-0.674203107,,,,,,,,,,,,
7238.92,7196.75,7157.64,7342.62,-0.627134449,-0.647894087,-0.643820485,-0.656429227,,,,,,,,,,,,
7342.62,7238.92,7196.75,7402.96,-0.580442676,-0.628727717,-0.624651693,-0.637264704,,,,,,,,,,,,
7402.96,7342.62,7238.92,7509.76,-0.553274097,-0.58159581,-0.57751383,-0.590137337,,,,,,,,,,,,
7509.76,7402.96,7342.62,7579.98,-0.505186524,-0.55417113,-0.550085685,-0.5627153,,,,,,,,,,,,
7579.98,7509.76,7402.96,7733.36,-0.473569395,-0.505630265,-0.501538685,-0.514179111,,,,,,,,,,,,
7733.36,7579.98,7509.76,7865.94,-0.404508795,-0.4737151,-0.469619488,-0.482267022,,,,,,,,,,,,
7865.94,7733.36,7579.98,7925.92,-0.344813566,-0.404003509,-0.399899088,-0.412562147,,,,,,,,,,,,
7925.92,7865.94,7733.36,8180.97,-0.317807081,-0.34374557,-0.339633534,-0.352310014,,,,,,,,,,,,
8180.97,7925.92,7865.94,8253.34,-0.202968732,-0.316484511,-0.31236903,-0.325051581,,,,,,,,,,,,
8253.34,8180.97,7925.92,8285.48,-0.170383548,-0.200563653,-0.196433523,-0.209141891,,,,,,,,,,,,
8285.48,8253.34,8180.97,8261.28,-0.15591225,-0.167671308,-0.163537022,-0.176252715,,,,,,,,,,,,
8261.28,8285.48,8253.34,8404.49,-0.166808498,-0.153063598,-0.148927466,-0.161646413,,,,,,,,,,,,
8404.49,8261.28,8285.48,8206.16,-0.102327024,-0.164062558,-0.159927816,-0.172644313,,,,,,,,,,,,
8206.16,8404.49,8261.28,8496.36,-0.191626729,-0.098973258,-0.09483029,-0.107561284,,,,,,,,,,,,
8496.36,8206.16,8404.49,8792.7,-0.060961805,-0.189114735,-0.184983159,-0.197694077,,,,,,,,,,,,
8792.7,8496.36,8206.16,8863.34,0.072467703,-0.057218114,-0.05306987,-0.065810164,,,,,,,,,,,,
8863.34,8792.7,8496.36,9218.63,0.104273941,0.077469152,0.081634416,0.068864126,,,,,,,,,,,,
9218.63,8863.34,8792.7,9588.46,0.264246169,0.109575207,0.113744528,0.100967088,,,,,,,,,,,,
9588.46,9218.63,8863.34,9574.11,0.430765151,0.271055394,0.275245121,0.262431718,,,,,,,,,,,,
9574.11,9588.46,9218.63,9603.73,0.424303946,0.439144048,0.443355016,0.430504176,,,,,,,,,,,,
9603.73,9574.11,9588.46,10000.17,0.437640593,0.432621937,0.436832081,0.423982694,,,,,,,,,,,,
10000.17,9603.73,9574.11,10304.72,0.616140945,0.446084301,0.450296146,0.437443761,,,,,,,,,,,,
10304.72,10000.17,9603.73,10079.2,0.753267073,0.626267265,0.63050188,0.617609365,,,,,,,,,,,,
10079.2,10304.72,10000.17,9638.17,0.651724849,0.764685997,0.768938103,0.756014761,,,,,,,,,,,,
9638.17,10079.2,10304.72,9499.42,0.453147485,0.662186596,0.66642575,0.653525236,,,,,,,,,,,,
9499.42,9638.17,10079.2,9098.48,0.390674163,0.461737366,0.465951189,0.453095318,,,,,,,,,,,,
9098.48,9499.42,9638.17,8698.88,0.210147649,0.398675147,0.402881001,0.390039174,,,,,,,,,,,,
8698.88,9098.48,9499.42,8315.67,0.030224481,0.216446921,0.220629747,0.207828505,,,,,,,,,,,,
8315.67,8698.88,9098.48,7964.95,-0.142318956,0.034827729,0.038987604,0.026226811,,,,,,,,,,,,
7964.95,8315.67,8698.88,7709.95,-0.300233504,-0.139342168,-0.135204302,-0.147926305,,,,,,,,,,,,
7709.95,7964.95,8315.67,7853.26,-0.415049339,-0.298745279,-0.294627556,-0.307314058,,,,,,,,,,,,
7853.26,7709.95,7964.95,8084.37,-0.35052284,-0.414643412,-0.410540335,-0.423201025,,,,,,,,,,,,
8084.37,7853.26,7709.95,7770.52,-0.246463672,-0.349508661,-0.345397354,-0.35807255,,,,,,,,,,,,
7770.52,8084.37,7853.26,7596.87,-0.387777201,-0.244468593,-0.240344011,-0.253042601,,,,,,,,,,,,
7596.87,7770.52,8084.37,8052,-0.465964534,-0.387114197,-0.383007641,-0.395674462,,,,,,,,,,,,
8052,7596.87,7770.52,7821.18,-0.261038529,-0.466038553,-0.461941971,-0.474591214,,,,,,,,,,,,
7821.18,8052,7596.87,7614.71,-0.364967122,-0.259180838,-0.255058115,-0.267753429,,,,,,,,,,,,
7614.71,7821.18,8052,7785.05,-0.457931928,-0.364089101,-0.359979636,-0.372651585,,,,,,,,,,,,
7785.05,7614.71,7821.18,7593.3,-0.38123495,-0.457930229,-0.453832622,-0.466483671,,,,,,,,,,,,
7593.3,7785.05,7614.71,7244.55,-0.467571956,-0.380510276,-0.376402886,-0.389071177,,,,,,,,,,,,
7244.55,7593.3,7785.05,6939.64,-0.624599495,-0.467661127,-0.46356475,-0.476213632,,,,,,,,,,,,
6939.64,7244.55,7593.3,7123.5,-0.761887716,-0.626168868,-0.622092521,-0.634706102,,,,,,,,,,,,
7123.5,6939.64,7244.55,7202.96,-0.679103248,-0.76475122,-0.760692386,-0.773275102,,,,,,,,,,,,
7202.96,7123.5,6939.64,7512.91,-0.643325733,-0.681186394,-0.677116999,-0.689718327,,,,,,,,,,,,
7512.91,7202.96,7123.5,7235.91,-0.503768211,-0.645071626,-0.640997668,-0.653607039,,,,,,,,,,,,
7235.91,7512.91,7202.96,6953.64,-0.628489726,-0.504198582,-0.500106822,-0.512747566,,,,,,,,,,,,
6953.64,7235.91,7512.91,7031.55,-0.755584102,-0.63009577,-0.626019919,-0.638632625,,,,,,,,,,,,
7031.55,6953.64,7235.91,7101.83,-0.720504487,-0.758388186,-0.754328547,-0.76691268,,,,,,,,,,,,
7101.83,7031.55,6953.64,6997.33,-0.688860343,-0.722977897,-0.718913784,-0.731505803,,,,,,,,,,,,
6997.33,7101.83,7031.55,7163.75,-0.735912322,-0.691035463,-0.686967313,-0.699566446,,,,,,,,,,,,
7163.75,6997.33,7101.83,7276.65,-0.660980356,-0.738530972,-0.734468824,-0.74705738,,,,,,,,,,,,
7276.65,7163.75,6997.33,7145.75,-0.610146208,-0.662892669,-0.658820962,-0.671426364,,,,,,,,,,,,
7145.75,7276.65,7163.75,7104.65,-0.669085003,-0.611579338,-0.607501148,-0.620117977,,,,,,,,,,,,
7104.65,7145.75,7276.65,6833.6,-0.687590614,-0.671073713,-0.667003041,-0.679606621,,,,,,,,,,,,
6833.6,7104.65,7145.75,6887.94,-0.809633094,-0.689753766,-0.685685454,-0.698284873,,,,,,,,,,,,
6887.94,6833.6,7104.65,6899.59,-0.785166064,-0.812946664,-0.808893919,-0.821465902,,,,,,,,,,,,
6899.59,6887.94,6833.6,7097.52,-0.779920556,-0.788248999,-0.784193133,-0.796770617,,,,,,,,,,,,
7097.52,6899.59,6887.94,7183.25,-0.690800955,-0.782954045,-0.77889751,-0.791476173,,,,,,,,,,,,
7183.25,7097.52,6899.59,7384.98,-0.652200322,-0.692994368,-0.688926466,-0.701525163,,,,,,,,,,,,
7384.98,7183.25,7097.52,7367.7,-0.561369739,-0.65402987,-0.649957044,-0.66256442,,,,,,,,,,,,
7367.7,7384.98,7183.25,7497.66,-0.569150201,-0.562343084,-0.558258672,-0.570886467,,,,,,,,,,,,
7497.66,7367.7,7384.98,7284.08,-0.510634648,-0.570196887,-0.566113467,-0.578739513,,,,,,,,,,,,
7284.08,7497.66,7367.7,7411.33,-0.60680079,-0.511129745,-0.50703886,-0.519678061,,,,,,,,,,,,
7411.33,7284.08,7497.66,7315.59,-0.549505436,-0.608202385,-0.604123768,-0.616741349,,,,,,,,,,,,
7315.59,7411.33,7284.08,7437.79,-0.592613154,-0.550366944,-0.546281018,-0.558911481,,,,,,,,,,,,
7437.79,7315.59,7411.33,7348.37,-0.537591605,-0.593881012,-0.589800585,-0.602421356,,,,,,,,,,,,
7348.37,7437.79,7315.59,7413.93,-0.577853691,-0.538340808,-0.534253363,-0.546886503,,,,,,,,,,,,
7413.93,7348.37,7437.79,7300.09,-0.548334765,-0.57898242,-0.57490011,-0.5875242,,,,,,,,,,,,
7300.09,7413.93,7348.37,6984.22,-0.599592156,-0.549185237,-0.545099162,-0.557729888,,,,,,,,,,,,
6984.22,7300.09,7413.93,7035.38,-0.741815207,-0.6009258,-0.596846263,-0.609465466,,,,,,,,,,,,
7035.38,6984.22,7300.09,6942.56,-0.718779998,-0.7444895,-0.740428105,-0.753015333,,,,,,,,,,,,
6942.56,7035.38,6984.22,6665.06,-0.760572963,-0.721237153,-0.717172819,-0.729765227,,,,,,,,,,,,
6665.06,6942.56,7035.38,6467.15,-0.885519607,-0.763424073,-0.759365071,-0.771948083,,,,,,,,,,,,
6467.15,6665.06,6942.56,6708.48,-0.974630203,-0.889548512,-0.885505448,-0.89806037,,,,,,,,,,,,
6708.48,6467.15,6665.06,6860.15,-0.865969397,-0.979499099,-0.975467401,-0.98800229,,,,,,,,,,,,
6860.15,6708.48,6467.15,7020.37,-0.797678739,-0.869814014,-0.865768456,-0.878327774,,,,,,,,,,,,
7020.37,6860.15,6708.48,7323.75,-0.725538374,-0.800879623,-0.796825354,-0.809400024,,,,,,,,,,,,
7323.75,7020.37,6860.15,7213.17,-0.588939048,-0.728059235,-0.723995764,-0.736586652,,,,,,,,,,,,
7213.17,7323.75,7020.37,7104.24,-0.638728597,-0.590172271,-0.586091376,-0.598712973,,,,,,,,,,,,
7104.24,7213.17,7323.75,7391.25,-0.68777522,-0.640431156,-0.636356611,-0.648967015,,,,,,,,,,,,
7391.25,7104.24,7213.17,7263.04,-0.558546621,-0.689940112,-0.685871823,-0.698471201,,,,,,,,,,,,
7263.04,7391.25,7104.24,7307.24,-0.616274222,-0.559493354,-0.555408581,-0.568037011,,,,,,,,,,,,
7307.24,7263.04,7391.25,7345.29,-0.59637281,-0.617765117,-0.613687708,-0.62630316,,,,,,,,,,,,
7345.29,7307.24,7263.04,7442.29,-0.579240486,-0.597676107,-0.59359616,-0.606216086,,,,,,,,,,,,
7442.29,7345.29,7307.24,7370.87,-0.535565443,-0.580382288,-0.576300155,-0.588923933,,,,,,,,,,,,
7370.87,7442.29,7345.29,7489.18,-0.567722882,-0.536295547,-0.532207843,-0.544841439,,,,,,,,,,,,
7489.18,7370.87,7442.29,7331.27,-0.514452837,-0.568756114,-0.564672512,-0.577298879,,,,,,,,,,,,
7331.27,7489.18,7370.87,7398.73,-0.585553106,-0.514983926,-0.510893528,-0.523531871,,,,,,,,,,,,
7398.73,7331.27,7489.18,7665.57,-0.555178689,-0.586754413,-0.582673085,-0.595295444,,,,,,,,,,,,
7665.57,7398.73,7331.27,7490.66,-0.435031797,-0.556093675,-0.552008473,-0.56463766,,,,,,,,,,,,
7490.66,7665.57,7398.73,7409.84,-0.513786455,-0.434814233,-0.430713705,-0.443369902,,,,,,,,,,,,
7409.84,7490.66,7665.57,7417.68,-0.550176321,-0.514311262,-0.51022078,-0.522859272,,,,,,,,,,,,
7417.68,7409.84,7490.66,7350.46,-0.546646297,-0.551044153,-0.546958312,-0.559588624,,,,,,,,,,,,
7350.46,7417.68,7409.84,7255.5,-0.576912652,-0.547480853,-0.543394563,-0.556025668,,,,,,,,,,,,
7255.5,7350.46,7417.68,7504.3,-0.619669168,-0.57803251,-0.57395008,-0.586574381,,,,,,,,,,,,
7504.3,7255.5,7350.46,7524.39,-0.507644934,-0.621192066,-0.61711509,-0.629729779,,,,,,,,,,,,
7524.39,7504.3,7255.5,7464.6,-0.498599247,-0.508111848,-0.504020582,-0.516660456,,,,,,,,,,,,
7464.6,7524.39,7504.3,7408.55,-0.525520183,-0.498980893,-0.494888474,-0.507530381,,,,,,,,,,,,
7408.55,7464.6,7524.39,7517.92,-0.550757154,-0.526155597,-0.522066611,-0.534702466,,,,,,,,,,,,
7517.92,7408.55,7464.6,7531.17,-0.501512417,-0.551630461,-0.547544695,-0.560174876,,,,,,,,,,,,
7531.17,7517.92,7408.55,7590.39,-0.495546496,-0.501921524,-0.497829476,-0.510470728,,,,,,,,,,,,
7590.39,7531.17,7517.92,7588.94,-0.468882207,-0.495899366,-0.491806557,-0.504449151,,,,,,,,,,,,
7588.94,7590.39,7531.17,7553.76,-0.469535081,-0.468983729,-0.464887519,-0.477536107,,,,,,,,,,,,
7553.76,7588.94,7590.39,7512.02,-0.485375164,-0.469642758,-0.465546631,-0.478195072,,,,,,,,,,,,
7512.02,7553.76,7588.94,7481.34,-0.50416894,-0.485632155,-0.481538049,-0.494182929,,,,,,,,,,,,
7481.34,7512.02,7553.76,7471.72,-0.517982861,-0.504603089,-0.50051138,-0.513152035,,,,,,,,,,,,
7471.72,7481.34,7512.02,7535.81,-0.522314345,-0.518547225,-0.514457278,-0.527094827,,,,,,,,,,,,
7535.81,7471.72,7481.34,7438.61,-0.493457298,-0.522919539,-0.518830145,-0.53146672,,,,,,,,,,,,
7438.61,7535.81,7471.72,7320.45,-0.537222393,-0.493790475,-0.489697399,-0.502340462,,,,,,,,,,,,
7320.45,7438.61,7535.81,7411.95,-0.5904249,-0.537968116,-0.533880623,-0.546513847,,,,,,,,,,,,
7411.95,7320.45,7438.61,7411.4,-0.549226276,-0.59167213,-0.587591423,-0.600212687,,,,,,,,,,,,
7411.4,7411.95,7320.45,7353.85,-0.549473918,-0.550085152,-0.545999191,-0.558629716,,,,,,,,,,,,
7353.85,7411.4,7411.95,7306.01,-0.575386276,-0.550335129,-0.546249199,-0.558879668,,,,,,,,,,,,
7306.01,7353.85,7411.4,7301.79,-0.596926628,-0.576491747,-0.572409122,-0.585033766,,,,,,,,,,,,
7301.79,7306.01,7353.85,7218.8,-0.598826717,-0.598235145,-0.594155269,-0.60677507,,,,,,,,,,,,
7218.8,7301.79,7306.01,7215.17,-0.636193643,-0.600153146,-0.596073511,-0.608692886,,,,,,,,,,,,
7215.17,7218.8,7301.79,7178.93,-0.637828081,-0.637872307,-0.633797439,-0.646408413,,,,,,,,,,,,
7178.93,7215.17,7218.8,7195.1,-0.654145437,-0.639522151,-0.635447492,-0.648058098,,,,,,,,,,,,
7195.1,7178.93,7215.17,7325.13,-0.646864762,-0.655993321,-0.651920743,-0.664527681,,,,,,,,,,,,
7325.13,7195.1,7178.93,7442.04,-0.588317691,-0.648644016,-0.644570509,-0.657179084,,,,,,,,,,,,
7442.04,7325.13,7195.1,7404.8,-0.535678008,-0.589545058,-0.585464083,-0.59808582,,,,,,,,,,,,
7404.8,7442.04,7325.13,7418.61,-0.552445622,-0.536409173,-0.532321483,-0.544955054,,,,,,,,,,,,
7418.61,7404.8,7442.04,7315.52,-0.546227557,-0.553334845,-0.549249294,-0.561879096,,,,,,,,,,,,
7315.52,7418.61,7404.8,7184.48,-0.592644672,-0.547058166,-0.542971822,-0.555603021,,,,,,,,,,,,
7184.48,7315.52,7418.61,7065.15,-0.651646504,-0.593912827,-0.589832404,-0.602453168,,,,,,,,,,,,
7065.15,7184.48,7315.52,6970.7,-0.705375812,-0.653470832,-0.649397935,-0.662005435,,,,,,,,,,,,
6970.7,7065.15,7184.48,7150.65,-0.747902697,-0.707706614,-0.70364057,-0.716235991,,,,,,,,,,,,
7150.65,6970.7,7065.15,7123.47,-0.666878738,-0.750634373,-0.746573755,-0.759159615,,,,,,,,,,,,
7123.47,7150.65,6970.7,7139.09,-0.679116756,-0.668846651,-0.664775697,-0.677379773,,,,,,,,,,,,
7139.09,7123.47,7150.65,7099.23,-0.672083723,-0.681200029,-0.677130636,-0.68973196,,,,,,,,,,,,
7099.23,7139.09,7123.47,7311.92,-0.690031014,-0.6741007,-0.67003041,-0.682633315,,,,,,,,,,,,
7311.92,7099.23,7139.09,7590.54,-0.594265602,-0.692217169,-0.688149168,-0.700748039,,,,,,,,,,,,
7590.54,7311.92,7099.23,7559,-0.468814668,-0.595549036,-0.591468819,-0.604089219,,,,,,,,,,,,
7559,7590.54,7311.92,7514.04,-0.483015811,-0.468915554,-0.464819335,-0.477467938,,,,,,,,,,,,
7514.04,7559,7590.54,7555.98,-0.503259419,-0.483250562,-0.479156155,-0.491801565,,,,,,,,,,,,
7555.98,7514.04,7559,7585.69,-0.484375591,-0.503684994,-0.499593169,-0.512234028,,,,,,,,,,,,
7585.69,7555.98,7514.04,7691.7,-0.47099842,-0.48462316,-0.480528926,-0.49317403,,,,,,,,,,,,
7691.7,7585.69,7555.98,7746.86,-0.423266551,-0.471119891,-0.467023951,-0.479672063,,,,,,,,,,,,
7746.86,7691.7,7585.69,7799.11,-0.39843031,-0.422938083,-0.418836054,-0.431494896,,,,,,,,,,,,
7799.11,7746.86,7691.7,7768.98,-0.37490432,-0.397867726,-0.393762529,-0.406426955,,,,,,,,,,,,
7768.98,7799.11,7746.86,7789.76,-0.388470599,-0.374119971,-0.370011773,-0.382681488,,,,,,,,,,,,
7789.76,7768.98,7799.11,7850.51,-0.379114234,-0.387814131,-0.383707663,-0.396374329,,,,,,,,,,,,
7850.51,7789.76,7768.98,7807.8,-0.35176105,-0.378369569,-0.374261908,-0.386930677,,,,,,,,,,,,
7807.8,7850.51,7789.76,7804.38,-0.370991577,-0.350758543,-0.346647393,-0.359322311,,,,,,,,,,,,
7804.38,7807.8,7850.51,7884.29,-0.37253146,-0.370170344,-0.366061647,-0.378732242,,,,,,,,,,,,
7884.29,7804.38,7807.8,7889.24,-0.336551329,-0.371724743,-0.367616242,-0.380286491,,,,,,,,,,,,
7889.24,7884.29,7804.38,7892.57,-0.334322551,-0.335405449,-0.331292359,-0.343970697,,,,,,,,,,,,
7892.57,7889.24,7884.29,7895.47,-0.332823191,-0.333155662,-0.329042288,-0.341721126,,,,,,,,,,,,
7895.47,7892.57,7889.24,7956.52,-0.331517442,-0.331642169,-0.327528603,-0.340207779,,,,,,,,,,,,
7956.52,7895.47,7892.57,7979.92,-0.30402918,-0.330324112,-0.326210379,-0.338889848,,,,,,,,,,,,
7979.92,7956.52,7895.47,7934.54,-0.293493139,-0.302576735,-0.298459496,-0.311145145,,,,,,,,,,,,
7934.54,7979.92,7956.52,7972.97,-0.313925855,-0.291941377,-0.287822794,-0.300510812,,,,,,,,,,,,
7972.97,7934.54,7979.92,8066,-0.296622433,-0.3125667,-0.308450723,-0.321134147,,,,,,,,,,,,
8066,7972.97,7934.54,8187.11,-0.254734915,-0.295100169,-0.290981986,-0.303669299,,,,,,,,,,,,
8187.11,8066,7972.97,8186.08,-0.200204147,-0.252817803,-0.248694277,-0.261391007,,,,,,,,,,,,
8186.08,8187.11,8066,8179.9,-0.200667913,-0.197773007,-0.193642525,-0.206351515,,,,,,,,,,,,
8179.9,8186.08,8187.11,8217.5,-0.203450509,-0.198241145,-0.194110722,-0.206819607,,,,,,,,,,,,
8217.5,8179.9,8186.08,8194.64,-0.186520801,-0.20104997,-0.196919902,-0.209628162,,,,,,,,,,,,
8194.64,8217.5,8179.9,8195.69,-0.196813703,-0.183960677,-0.179828449,-0.192540515,,,,,,,,,,,,
8195.69,8194.64,8217.5,8151.6,-0.196340932,-0.194350604,-0.190219689,-0.202929441,,,,,,,,,,,,
8151.6,8195.69,8194.64,8225.66,-0.216192815,-0.193873376,-0.189742401,-0.202452259,,,,,,,,,,,,
8225.66,8151.6,8195.69,8327.87,-0.182846694,-0.213912391,-0.209783948,-0.222489343,,,,,,,,,,,,
8327.87,8225.66,8151.6,8424.51,-0.136825806,-0.180251937,-0.17611924,-0.188832132,,,,,,,,,,,,
8424.51,8327.87,8225.66,8579.63,-0.093312856,-0.133797238,-0.129658671,-0.142381909,,,,,,,,,,,,
8579.63,8424.51,8327.87,8540.24,-0.023468807,-0.089874118,-0.085730001,-0.098463021,,,,,,,,,,,,
8540.24,8579.63,8424.51,8542.4,-0.041204477,-0.019371693,-0.015218666,-0.027967388,,,,,,,,,,,,
8542.4,8540.24,8579.63,8520.82,-0.040231919,-0.037274545,-0.033123781,-0.045868516,,,,,,,,,,,,
8520.82,8542.4,8540.24,8622.93,-0.04994849,-0.03629282,-0.032141932,-0.044886885,,,,,,,,,,,,
8622.93,8520.82,8542.4,8792.07,-0.003972628,-0.046100984,-0.041951335,-0.054694104,,,,,,,,,,,,
8792.07,8622.93,8520.82,8762.14,0.07218404,0.000308265,0.004463778,-0.008289327,,,,,,,,,,,,
8762.14,8792.07,8622.93,8860.9,0.058707813,0.077182815,0.081348043,0.068577817,,,,,,,,,,,,
8860.9,8762.14,8792.07,8900.9,0.103175311,0.063579556,0.067743065,0.054975868,,,,,,,,,,,,
8900.9,8860.9,8762.14,8669.39,0.121185638,0.108466221,0.112635402,0.099858209,,,,,,,,,,,,
8669.39,8900.9,8860.9,8872.96,0.016946367,0.12664632,0.130817799,0.118036557,,,,,,,,,,,,
8872.96,8669.39,8900.9,8557.95,0.108605424,0.02142445,0.025582632,0.012824824,,,,,,,,,,,,
8557.95,8872.96,8669.39,8290.32,-0.033230404,0.113947521,0.118117395,0.105338981,,,,,,,,,,,,
8290.32,8557.95,8872.96,8408.62,-0.153733001,-0.029225306,-0.025073525,-0.037820053,,,,,,,,,,,,
8408.62,8290.32,8557.95,8316.21,-0.100467458,-0.150863806,-0.146727396,-0.159446833,,,,,,,,,,,,
8316.21,8408.62,8290.32,8235.12,-0.142075816,-0.097096162,-0.092952958,-0.105684369,,,,,,,,,,,,
8235.12,8316.21,8408.62,8319.29,-0.178587252,-0.139096737,-0.13495884,-0.147680897,,,,,,,,,,,,
8319.29,8235.12,8316.21,8247.37,-0.140689021,-0.175952343,-0.171819103,-0.184532953,,,,,,,,,,,,
8247.37,8319.29,8235.12,8436.62,-0.173071589,-0.137696869,-0.133558795,-0.146281165,,,,,,,,,,,,
8436.62,8247.37,8319.29,8661.46,-0.087860229,-0.170384688,-0.166250744,-0.178965834,,,,,,,,,,,,
8661.46,8436.62,8247.37,8690.97,0.01337582,-0.084370093,-0.08022528,-0.092959526,,,,,,,,,,,,
8690.97,8661.46,8436.62,8792.22,0.026662939,0.017820246,0.021977972,0.009220967,,,,,,,,,,,,
8792.22,8690.97,8661.46,8793.93,0.072251579,0.031232614,0.035392035,0.022632043,,,,,,,,,,,,
8793.93,8792.22,8690.97,8835.26,0.073021521,0.07725099,0.081416227,0.068645986,,,,,,,,,,,,
8835.26,8793.93,8792.22,8889.75,0.091630691,0.07802819,0.082193524,0.06942311,,,,,,,,,,,,
8889.75,8835.26,8793.93,8895.68,0.116165259,0.096812777,0.100980486,0.088205888,,,,,,,,,,,,
8895.68,8889.75,8835.26,8864.04,0.11883529,0.121578618,0.125749456,0.112969342,,,,,,,,,,,,
8864.04,8895.68,8889.75,8933.51,0.104589121,0.124273817,0.128444996,0.115664282,,,,,,,,,,,,
8933.51,8864.04,8895.68,8960.8,0.135868557,0.109893359,0.11406272,0.101285209,,,,,,,,,,,,
8960.8,8933.51,8864.04,9006.4,0.148156103,0.141467646,0.145640998,0.132856455,,,,,,,,,,,,
9006.4,8960.8,8933.51,9016.34,0.168687876,0.153871019,0.158045938,0.145258632,,,,,,,,,,,,
9016.34,9006.4,8960.8,9073.14,0.173163442,0.174596332,0.17877387,0.165981949,,,,,,,,,,,,
9073.14,9016.34,9006.4,9064.39,0.198738106,0.179114087,0.183292196,0.170499268,,,,,,,,,,,,
9064.39,9073.14,9016.34,9147.02,0.194798347,0.204929828,0.209111199,0.196312522,,,,,,,,,,,,
9147.02,9064.39,9073.14,9134.55,0.232003181,0.200952931,0.2051338,0.192336009,,,,,,,,,,,,
9134.55,9147.02,9064.39,9026.59,0.226388461,0.238508471,0.242694086,0.22988793,,,,,,,,,,,,
9026.59,9134.55,9147.02,9081.03,0.177778588,0.232840826,0.237025724,0.224220831,,,,,,,,,,,,
9081.03,9026.59,9134.55,9208.12,0.202290643,0.183772737,0.187951435,0.17515747,,,,,,,,,,,,
9208.12,9081.03,9026.59,9344.84,0.259513955,0.208515853,0.212697677,0.199898201,,,,,,,,,,,,
9344.84,9208.12,9081.03,9396.5,0.321073253,0.266278573,0.270467697,0.257655357,,,,,,,,,,,,
9396.5,9344.84,9208.12,9369.34,0.344333591,0.328418153,0.332615129,0.319788949,,,,,,,,,,,,
9369.34,9396.5,9344.84,9418.35,0.332104579,0.351897751,0.356097694,0.343266286,,,,,,,,,,,,
9418.35,9369.34,9396.5,9431.81,0.354171732,0.339553464,0.343751847,0.330923187,,,,,,,,,,,,
9431.81,9418.35,9369.34,9459.72,0.360232207,0.36182863,0.366029828,0.353196208,,,,,,,,,,,,
9459.72,9431.81,9418.35,9451.32,0.372798913,0.367946234,0.372148205,0.359313222,,,,,,,,,,,,
9451.32,9459.72,9431.81,9403.54,0.369016744,0.380631398,0.384834972,0.371997164,,,,,,,,,,,,
9403.54,9451.32,9459.72,9490.61,0.347503408,0.376813577,0.381016669,0.368179711,,,,,,,,,,,,
9490.61,9403.54,9451.32,9514.83,0.386707388,0.355097449,0.359297796,0.346465675,,,,,,,,,,,,
9514.83,9490.61,9403.54,9379.7,0.397612641,0.39467098,0.398876328,0.386035393,,,,,,,,,,,,
9379.7,9514.83,9490.61,9482.08,0.336769253,0.40567903,0.409885769,0.397042383,,,,,,,,,,,,
9482.08,9379.7,9514.83,9504.43,0.382866686,0.344262109,0.348461087,0.335631379,,,,,,,,,,,,
9504.43,9482.08,9379.7,9471.7,0.392929956,0.390794074,0.394998932,0.382158861,,,,,,,,,,,,
9471.7,9504.43,9482.08,9491.47,0.378193006,0.400952204,0.405158346,0.392316012,,,,,,,,,,,,
9491.47,9471.7,9504.43,9372.57,0.38709461,0.386076338,0.3902806,0.377441579,,,,,,,,,,,,
9372.57,9491.47,9471.7,9447.42,0.333558913,0.395061852,0.399267249,0.386426228,,,,,,,,,,,,
9447.42,9372.57,9491.47,9466.94,0.367260737,0.341021507,0.345220075,0.332391089,,,,,,,,,,,,
9466.94,9447.42,9372.57,9497.55,0.376049777,0.375041017,0.379243885,0.366407322,,,,,,,,,,,,
9497.55,9466.94,9447.42,9556.61,0.38983218,0.383912906,0.388116895,0.375278356,,,,,,,,,,,,
9556.61,9497.55,9466.94,9672.47,0.416424428,0.397825227,0.402030974,0.389189337,,,,,,,,,,,,
9672.47,9556.61,9497.55,9766.9,0.46859134,0.424668144,0.428877282,0.416029667,,,,,,,,,,,,
9766.9,9672.47,9556.61,9853.65,0.51110922,0.477326801,0.481542595,0.468683251,,,,,,,,,,,,
9853.65,9766.9,9672.47,9908.29,0.550169117,0.520245471,0.524466688,0.511597786,,,,,,,,,,,,
9908.29,9853.65,9766.9,9886.3,0.574771224,0.559673561,0.56389976,0.551022078,,,,,,,,,,,,
9886.3,9908.29,9853.65,9990.19,0.564870046,0.584507577,0.588736914,0.575853701,,,,,,,,,,,,
9990.19,9886.3,9908.29,10093.48,0.611647369,0.574513067,0.578741142,0.565860154,,,,,,,,,,,,
10093.48,9990.19,9886.3,10166,0.658154536,0.62173133,0.625965372,0.613073868,,,,,,,,,,,,
10166,10093.48,9990.19,10235.17,0.690807259,0.668676892,0.672916866,0.660014906,,,,,,,,,,,,
10235.17,10166,10093.48,10259.87,0.721951617,0.701637412,0.705881551,0.692972251,,,,,,,,,,,,
10259.87,10235.17,10166,10227.87,0.733072994,0.733075349,0.73732346,0.724407159,,,,,,,,,,,,
10227.87,10259.87,10235.17,10346.55,0.718664732,0.74430156,0.74855109,0.735632288,,,,,,,,,,,,
10346.55,10227.87,10259.87,10169.68,0.772101373,0.729757481,0.734005173,0.72108961,,,,,,,,,,,,
10169.68,10346.55,10227.87,10213.26,0.692464209,0.783697835,0.787952344,0.775024768,,,,,,,,,,,,
10213.26,10169.68,10346.55,10304.87,0.71208646,0.703309981,0.707554331,0.694644659,,,,,,,,,,,,
10304.87,10213.26,10169.68,10447.56,0.753334612,0.723117199,0.727364052,0.714449969,,,,,,,,,,,,
10447.56,10304.87,10213.26,10527.84,0.817581951,0.764754172,0.769006287,0.75608293,,,,,,,,,,,,
10527.84,10447.56,10304.87,10523.37,0.853728678,0.829607131,0.833867441,0.820929641,,,,,,,,,,,,
10523.37,10527.84,10447.56,10497.07,0.851716024,0.866094591,0.870359511,0.857413585,,,,,,,,,,,,
10497.07,10523.37,10527.84,10465.56,0.839874234,0.864062965,0.868327629,0.855382154,,,,,,,,,,,,
10465.56,10497.07,10523.37,10726.46,0.825686599,0.852109549,0.856372703,0.843429891,,,,,,,,,,,,
10726.46,10465.56,10497.07,10801.09,0.943158957,0.837788176,0.84204952,0.829109897,,,,,,,,,,,,
10801.09,10726.46,10465.56,10914.58,0.976761725,0.956367874,0.960644202,0.947678171,,,,,,,,,,,,
10914.58,10801.09,10726.46,11052.86,1.027861526,0.990287394,0.994568009,0.981594423,,,,,,,,,,,,
11052.86,10914.58,10801.09,11218.61,1.090123227,1.041868881,1.046156014,1.03317094,,,,,,,,,,,,
11218.61,11052.86,10914.58,10920.09,1.16475352,1.104717484,1.109012559,1.096013488,,,,,,,,,,,,
10920.09,11218.61,11052.86,11259.32,1.030342448,1.180051271,1.184355866,1.171340017,,,,,,,,,,,,
11259.32,10920.09,11218.61,11177.91,1.18308353,1.04437319,1.048660639,1.035675007,,,,,,,,,,,,
11177.91,11259.32,10920.09,11352.63,1.146428012,1.198554067,1.202861,1.18984103,,,,,,,,,,,,
11352.63,11177.91,11259.32,11443.35,1.225097121,1.16155302,1.165855277,1.152843548,,,,,,,,,,,,
11443.35,11352.63,11177.91,11537.5,1.265944543,1.240963694,1.245275986,1.232246571,,,,,,,,,,,,
11537.5,11443.35,11352.63,11446.33,1.30833635,1.282196159,1.286513662,1.273475064,,,,,,,,,,,,
11446.33,11537.5,11443.35,11609.85,1.267286312,1.324987568,1.329310478,1.31626235,,,,,,,,,,,,
11609.85,11446.33,11537.5,11546.79,1.340912529,1.283550577,1.28786825,1.274829351,,,,,,,,,,,,
11546.79,11609.85,11446.33,11191.74,1.312519249,1.357870823,1.362197888,1.349142436,,,,,,,,,,,,
11191.74,11546.79,11609.85,11456.12,1.152655082,1.329209896,1.33353334,1.320484271,,,,,,,,,,,,
11456.12,11191.74,11546.79,11473.99,1.27169434,1.167838789,1.172141841,1.159128712,,,,,,,,,,,,
11473.99,11456.12,11191.74,11381.25,1.279740453,1.288000156,1.292318392,1.279278501,,,,,,,,,,,,
11381.25,11473.99,11456.12,11415.29,1.23798351,1.296122115,1.300441378,1.287399678,,,,,,,,,,,,
11415.29,11381.25,11473.99,10947.42,1.253310298,1.253971555,1.258285491,1.245253179,,,,,,,,,,,,
10947.42,11415.29,11381.25,11086.3,1.042648004,1.269442819,1.273758711,1.260722953,,,,,,,,,,,,
11086.3,10947.42,11415.29,10598.38,1.10517986,1.056794743,1.061083762,1.048095364,,,,,,,,,,,,
10598.38,11086.3,10947.42,10804.35,0.88548989,1.119916047,1.124213043,1.111210587,,,,,,,,,,,,
10804.35,10598.38,11086.3,10474.2,0.978229567,0.898155196,0.902424168,0.889471101,,,,,,,,,,,,
10474.2,10804.35,10598.38,10094.81,0.829576829,0.991769072,0.996049874,0.983075958,,,,,,,,,,,,
10094.81,10474.2,10804.35,10436.53,0.658753379,0.841715077,0.845976917,0.83303642,,,,,,,,,,,,
10436.53,10094.81,10474.2,10393.87,0.812615604,0.66928138,0.67352143,0.660619336,,,,,,,,,,,,
10393.87,10436.53,10094.81,10689.36,0.79340759,0.824593969,0.828853645,0.815916961,,,,,,,,,,,,
10689.36,10393.87,10436.53,10951.08,0.926454379,0.805204893,0.809462119,0.796529753,,,,,,,,,,,,
10951.08,10689.36,10393.87,11028.22,1.044295949,0.939505832,0.943780029,0.930817753,,,,,,,,,,,,
11028.22,10951.08,10689.36,11130.13,1.079028865,1.058458222,1.062747451,1.049758682,,,,,,,,,,,,
11130.13,11028.22,10951.08,11278.45,1.124914676,1.093518543,1.097812203,1.084815626,,,,,,,,,,,,
11278.45,11130.13,11028.22,11459.58,1.191696969,1.139836891,1.144136404,1.131129512,,,,,,,,,,,,
11459.58,11278.45,11130.13,11402.22,1.273252233,1.2072487,1.211556731,1.198534825,,,,,,,,,,,,
11402.22,11459.58,11278.45,11449.52,1.247425424,1.289572734,1.293891169,1.280850928,,,,,,,,,,,,
11449.52,11402.22,11459.58,11414.34,1.268722636,1.263502472,1.267817612,1.254783178,,,,,,,,,,,,
11414.34,11449.52,11402.22,11568.69,1.252882553,1.28500044,1.289318296,1.276279074,,,,,,,,,,,,
11568.69,11414.34,11449.52,11485.9,1.322379903,1.269011042,1.273326879,1.260291217,,,,,,,,,,,,
11485.9,11568.69,11414.34,11573.94,1.285103028,1.3391635,1.343488202,1.330436917,,,,,,,,,,,,
11573.94,11485.9,11568.69,11664.97,1.324743758,1.30153524,1.305855186,1.292812281,,,,,,,,,,,,
11664.97,11573.94,11485.9,11666.38,1.36573076,1.341549638,1.345874641,1.332822825,,,,,,,,,,,,
11666.38,11664.97,11573.94,11684.79,1.366365624,1.382923,1.387253231,1.3741922,,,,,,,,,,,,
11684.79,11666.38,11664.97,11936.59,1.374654877,1.383563848,1.38789416,1.374832986,,,,,,,,,,,,
11936.59,11684.79,11666.38,11992.23,1.488029886,1.391931239,1.396262608,1.383199571,,,,,,,,,,,,
11992.23,11936.59,11684.79,12060.99,1.513082251,1.506374964,1.510720796,1.49763227,,,,,,,,,,,,
12060.99,11992.23,11936.59,12136.83,1.544042004,1.531663482,1.536012509,1.522918352,,,,,,,,,,,,
12136.83,12060.99,11992.23,12273.82,1.578189584,1.562915073,1.567268049,1.554166932,,,,,,,,,,,,
12273.82,12136.83,12060.99,12115.46,1.639870452,1.597384541,1.601741874,1.588633079,,,,,,,,,,,,
12115.46,12273.82,12136.83,12048.14,1.568567567,1.659646837,1.664012037,1.650889376,,,,,,,,,,,,
,12115.46,12273.82,12075.75,-3.886517379,1.587671823,1.592027928,1.578921297,,,,,,,,,,,,
12075.75,12048.14,12115.46,12007.6,1.550687814,1.557074716,1.561426954,1.548327138,,,,,,,,,,,,
12007.6,12075.75,12048.14,11802.6,1.52000272,1.56962353,1.573977354,1.560874742,,,,,,,,,,,,
11802.6,12007.6,12075.75,11941.8,1.427699793,1.538649185,1.542999095,1.529903382,,,,,,,,,,,,
11941.8,11802.6,12007.6,11910,1.490375731,1.445476176,1.449814312,1.43673935,,,,,,,,,,,,
11910,11941.8,11802.6,11683.7,1.476057521,1.508742922,1.513089053,1.5,,,,,,,,,,,,
11683.7,11910,11941.8,11342.1,1.374164096,1.494289743,1.498634047,1.485548214,,,,,,,,,,,,
11342.1,11683.7,11910,11572.9,1.220355902,1.391435831,1.395767138,1.382704211,,,,,,,,,,,,
11572.9,11342.1,11683.7,11728.1,1.32427549,1.236177783,1.24048947,1.227461121,,,,,,,,,,,,
11728.1,11572.9,11342.1,11690.2,1.394155559,1.341076956,1.345401899,1.332350188,,,,,,,,,,,,
11690.2,11728.1,11572.9,11686.4,1.377090774,1.411615741,1.415949598,1.402882177,,,,,,,,,,,,
11686.4,11690.2,11728.1,11775.5,1.375379793,1.394390097,1.398721778,1.385658193,,,,,,,,,,,,
11775.5,11686.4,11690.2,11576.8,1.415497796,1.392662988,1.39699445,1.383931249,,,,,,,,,,,,
11576.8,11775.5,11686.4,11571.8,1.326031496,1.433159159,1.437495739,1.424423519,,,,,,,,,,,,
11571.8,11576.8,11775.5,11531.3,1.323780206,1.342849516,1.347174683,1.334122577,,,,,,,,,,,,
11531.3,11571.8,11576.8,11511.5,1.305544749,1.340577003,1.344901883,1.331850283,,,,,,,,,,,,
11511.5,11531.3,11571.8,11096.8,1.296629637,1.322169653,1.326492207,1.313444706,,,,,,,,,,,,
11096.8,11511.5,11531.3,10706.9,1.109907571,1.313170503,1.31749192,1.304446424,,,,,,,,,,,,
10706.9,11096.8,11511.5,11094.4,0.934351907,1.124688324,1.128985922,1.115982403,,,,,,,,,,,,
11094.4,10706.9,11096.8,10687.8,1.108826951,0.947477805,0.95175301,0.938788958,,,,,,,,,,,,
10687.8,11094.4,10706.9,10861.3,0.925751976,1.123597518,1.127894978,1.114891702,,,,,,,,,,,,
10861.3,10687.8,11094.4,10930.5,1.00387177,0.938796808,0.943070916,0.930108797,,,,,,,,,,,,
10930.5,10861.3,10687.8,10932.5,1.035029636,1.017652989,1.021937062,1.008957381,,,,,,,,,,,,
10932.5,10930.5,10861.3,11116.8,1.035930152,1.049104561,1.053392608,1.040405923,,,,,,,,,,,,
11116.8,10932.5,10930.5,11018.8,1.118912735,1.050013566,1.054301728,1.04131484,,,,,,,,,,,,
11018.8,11116.8,10932.5,10660.3,1.074787433,1.133778373,1.138077121,1.125071577,,,,,,,,,,,,
10660.3,11018.8,11116.8,10247.6,0.913369876,1.08923713,1.093530249,1.080534625,,,,,,,,,,,,
10247.6,10660.3,11018.8,10118.7,0.727548326,0.92629799,0.930570518,0.917611183,,,,,,,,,,,,
10118.7,10247.6,10660.3,9800.69,0.669510047,0.738724815,0.74297364,0.73005608,,,,,,,,,,,,
9800.69,10118.7,10247.6,10183.7,0.526323444,0.680139445,0.684380867,0.671476355,,,,,,,,,,,,
10183.7,9800.69,10118.7,10346.2,0.698776829,0.53560311,0.539826267,0.526953945,,,,,,,,,,,,
10346.2,10183.7,9800.69,10373.8,0.771943783,0.709682106,0.713927261,0.70101617,,,,,,,,,,,,
10373.8,10346.2,10183.7,10531.8,0.784370908,0.78353876,0.787793248,0.774865707,,,,,,,,,,,,
10531.8,10373.8,10346.2,10202.3,0.8555117,0.796083028,0.800339102,0.787408767,,,,,,,,,,,,
10202.3,10531.8,10373.8,9775.04,0.707151631,0.86789442,0.872159569,0.859213241,,,,,,,,,,,,
9775.04,10202.3,10531.8,9849.83,0.514774322,0.718135852,0.722382076,0.709469101,,,,,,,,,,,,
9849.83,9775.04,10202.3,9732.86,0.548449131,0.523945121,0.528166805,0.51529708,,,,,,,,,,,,
9732.86,9849.83,9775.04,9314.91,0.495782432,0.557937362,0.562163342,0.549286045,,,,,,,,,,,,
9314.91,9732.86,9849.83,8766.98,0.307597026,0.504774206,0.508993468,0.496128012,,,,,,,,,,,,
8766.98,9314.91,9732.86,9177.46,0.060887063,0.314814893,0.31901015,0.306187001,,,,,,,,,,,,
9177.46,8766.98,9314.91,9607.11,0.24570904,0.065779348,0.069943135,0.057175448,,,,,,,,,,,,
9607.11,9177.46,8766.98,9943.83,0.439162466,0.252343527,0.25653089,0.243721653,,,,,,,,,,,,
9943.83,9607.11,9177.46,10105.1,0.590773399,0.447620519,0.451832558,0.438979831,,,,,,,,,,,,
10105.1,9943.83,9607.11,10103.3,0.663386536,0.600660595,0.604891974,0.592005163,,,,,,,,,,,,
10103.3,10105.1,9943.83,10171,0.662576071,0.673958211,0.678198852,0.665295716,,,,,,,,,,,,
10171,10103.3,10105.1,9807.53,0.69305855,0.673140106,0.677380644,0.664477691,,,,,,,,,,,,
9807.53,10171,10103.3,9404.7,0.52940321,0.703909924,0.70815435,0.695244544,,,,,,,,,,,,
9404.7,9807.53,10171,9041.62,0.348025708,0.538711907,0.542935457,0.530062443,,,,,,,,,,,,
9041.62,9404.7,9807.53,9434.15,0.184545969,0.355624671,0.359825085,0.346992847,,,,,,,,,,,,
9434.15,9041.62,9404.7,9841.43,0.361285811,0.19060391,0.19478347,0.181987984,,,,,,,,,,,,
9841.43,9434.15,9041.62,9989.41,0.544666962,0.36900977,0.373211875,0.360376655,,,,,,,,,,,,
9989.41,9841.43,9434.15,9603.65,0.611296167,0.554119541,0.558345038,0.545468592,,,,,,,,,,,,
9603.65,9989.41,9841.43,9829.4,0.437604572,0.621376818,0.625610815,0.61271939,,,,,,,,,,,,
9829.4,9603.65,9989.41,9936.33,0.539250356,0.44604794,0.450259781,0.437407404,,,,,,,,,,,,
9936.33,9829.4,9603.65,9916.08,0.587396463,0.548651876,0.552876682,0.540001454,,,,,,,,,,,,
9916.08,9936.33,9829.4,9836.04,0.578278735,0.597251827,0.601482774,0.588596722,,,,,,,,,,,,
9836.04,9916.08,9936.33,9504.47,0.54224007,0.588048151,0.592277936,0.579393934,,,,,,,,,,,,
9504.47,9836.04,9916.08,9655.93,0.392947966,0.551669773,0.55589496,0.54301906,,,,,,,,,,,,
9655.93,9504.47,9836.04,9920.66,0.46114407,0.400970384,0.405176528,0.392334191,,,,,,,,,,,,
9920.66,9655.93,9504.47,10014.8,0.580340917,0.46980933,0.474024173,0.461166505,,,,,,,,,,,,
10014.8,9920.66,9655.93,10027,0.622728222,0.590129773,0.594359821,0.581475355,,,,,,,,,,,,
10027,10014.8,9920.66,9947.8,0.628221372,0.632916637,0.637152091,0.624258096,,,,,,,,,,,,
9947.8,10027,10014.8,10191.8,0.592560924,0.638461567,0.642697722,0.629802492,,,,,,,,,,,,
10191.8,9947.8,10027,10198.7,0.70242392,0.60246497,0.606696577,0.593809364,,,,,,,,,,,,
10198.7,10191.8,9947.8,10198.3,0.705530701,0.713363576,0.717609197,0.704697285,,,,,,,,,,,,
10198.3,10198.7,10191.8,10257.6,0.705350598,0.716499643,0.72074566,0.70783305,,,,,,,,,,,,
10257.6,10198.3,10198.7,10350.6,0.732050908,0.716317842,0.720563836,0.707651267,,,,,,,,,,,,
10350.6,10257.6,10198.3,10401.1,0.773924919,0.743269839,0.747519239,0.734600667,,,,,,,,,,,,
10401.1,10350.6,10257.6,10343.6,0.796662957,0.78553857,0.789793312,0.776865326,,,,,,,,,,,,
10343.6,10401.1,10350.6,10430.7,0.770773111,0.808490946,0.812748587,0.79981549,,,,,,,,,,,,
10430.7,10343.6,10401.1,10353.5,0.809990599,0.782357053,0.786611392,0.773684115,,,,,,,,,,,,
10353.5,10430.7,10343.6,10497.6,0.775230667,0.821944219,0.826203561,0.813267467,,,,,,,,,,,,
10497.6,10353.5,10430.7,10507,0.840112871,0.786856628,0.791111535,0.778183256,,,,,,,,,,,,
10507,10497.6,10353.5,10558.3,0.844345298,0.852350436,0.85661362,0.843670754,,,,,,,,,,,,
10558.3,10507,10497.6,10667.4,0.867443542,0.856622759,0.860886483,0.847942665,,,,,,,,,,,,
10667.4,10558.3,10507,10772.5,0.916566709,0.879938736,0.884205407,0.871256397,,,,,,,,,,,,
10772.5,10667.4,10558.3,10846.7,0.963888844,0.929524957,0.933797894,0.92083784,,,,,,,,,,,,
10846.7,10772.5,10667.4,10828.9,0.997298001,0.977293168,0.981572141,0.968601449,,,,,,,,,,,,
10828.9,10846.7,10772.5,10655.5,0.989283405,1.011017252,1.015300487,1.002322284,,,,,,,,,,,,
10655.5,10828.9,10846.7,10525.9,0.911208637,1.002927108,1.00720932,0.994232919,,,,,,,,,,,,
10525.9,10655.5,10828.9,10406.4,0.852855177,0.924116378,0.928388631,0.915429782,,,,,,,,,,,,
10406.4,10525.9,10655.5,10317.4,0.799049325,0.865212856,0.869477665,0.856531935,,,,,,,,,,,,
10317.4,10406.4,10525.9,10576.7,0.758976347,0.810899809,0.815157755,0.802224121,,,,,,,,,,,,
10576.7,10317.4,10406.4,10557.2,0.875728293,0.770449088,0.774701922,0.761777297,,,,,,,,,,,,
10557.2,10576.7,10317.4,10562.8,0.866948258,0.888301582,0.892569309,0.879618436,,,,,,,,,,,,
10562.8,10557.2,10576.7,10481.6,0.869469704,0.879438784,0.883705391,0.870756492,,,,,,,,,,,,
10481.6,10562.8,10557.2,10220.7,0.83290874,0.881983997,0.886250926,0.873301461,,,,,,,,,,,,
10220.7,10481.6,10562.8,10244.6,0.715436381,0.845078396,0.849340661,0.836399415,,,,,,,,,,,,
10244.6,10220.7,10481.6,9955.23,0.726197552,0.726498698,0.730745978,0.717831141,,,,,,,,,,,,
9955.23,10244.6,10220.7,9584.79,0.595906343,0.737361307,0.74160996,0.728692704,,,,,,,,,,,,
9584.79,9955.23,10244.6,9876.51,0.429112703,0.605841924,0.610073957,0.597185992,,,,,,,,,,,,
9876.51,9584.79,9955.23,9942.87,0.560462019,0.437476024,0.441686781,0.428836313,,,,,,,,,,,,
9942.87,9876.51,9584.79,10086.15,0.590341152,0.570063488,0.574291,0.561411003,,,,,,,,,,,,
10086.15,9942.87,9876.51,10064.13,0.654854143,0.600224273,0.604455596,0.591568882,,,,,,,,,,,,
10064.13,10086.15,9942.87,10170.97,0.644939458,0.665345389,0.669584941,0.656683724,,,,,,,,,,,,
10170.97,10064.13,10086.15,10125.91,0.693045042,0.655337244,0.659575532,0.646676544,,,,,,,,,,,,
10125.91,10170.97,10064.13,10001.7,0.672756409,0.703896289,0.708140714,0.69523091,,,,,,,,,,,,
10001.7,10125.91,10170.97,10068.7,0.61682984,0.683416407,0.687658244,0.674753002,,,,,,,,,,,,
10068.7,10001.7,10125.91,9927.1,0.646997138,0.626962654,0.631197356,0.618304687,,,,,,,,,,,,
9927.1,10068.7,10001.7,9965.21,0.58324058,0.65741432,0.661652871,0.64875342,,,,,,,,,,,,
9965.21,9927.1,10068.7,9892.77,0.600399919,0.593056769,0.597287186,0.584402069,,,,,,,,,,,,
9892.77,9965.21,9927.1,10157.17,0.567783217,0.610377858,0.614610465,0.60172149,,,,,,,,,,,,
10157.17,9892.77,9965.21,9988.63,0.686831479,0.577453698,0.581682144,0.568800502,,,,,,,,,,,,
9988.63,10157.17,9892.77,10028.5,0.610944966,0.697624155,0.701867787,0.68895938,,,,,,,,,,,,
10028.5,9988.63,10157.17,9984.57,0.628896759,0.621022307,0.625256258,0.612364912,,,,,,,,,,,,
9984.57,10028.5,9988.63,9876.4,0.609116918,0.639143321,0.643379562,0.63048418,,,,,,,,,,,,
9876.4,9984.57,10028.5,9908.85,0.560412491,0.619177026,0.623410745,0.61051981,,,,,,,,,,,,
9908.85,9876.4,9984.57,10032.57,0.575023368,0.570013493,0.574240999,0.561361013,,,,,,,,,,,,
10032.57,9908.85,9876.4,10155.1,0.63072931,0.584762098,0.588991468,0.576108198,,,,,,,,,,,,
10155.1,10032.57,9908.85,10306.75,0.685899445,0.640993146,0.645229621,0.632333827,,,,,,,,,,,,
10306.75,10155.1,10032.57,10252.15,0.754181097,0.696683335,0.700926848,0.688018651,,,,,,,,,,,,
10252.15,10306.75,10155.1,10305.43,0.729597001,0.765608637,0.769860859,0.756937312,,,,,,,,,,,,
10305.43,10252.15,10306.75,10386.52,0.753586757,0.740792801,0.745041888,0.732123867,,,,,,,,,,,,
10386.52,10305.43,10252.15,10528.69,0.790098192,0.765008693,0.76926084,0.756337426,,,,,,,,,,,,
10528.69,10386.52,10305.43,10512.48,0.854111397,0.8018643,0.806121104,0.793189482,,,,,,,,,,,,
10512.48,10528.69,10386.52,10616.24,0.846812712,0.866480918,0.870745887,0.857799875,,,,,,,,,,,,
10616.24,10512.48,10528.69,10592.72,0.893531501,0.859113432,0.863377471,0.850433099,,,,,,,,,,,,
10592.72,10616.24,10512.48,10743.55,0.882941429,0.90627261,0.910542608,0.897587733,,,,,,,,,,,,
10743.55,10592.72,10616.24,10855.82,0.95085387,0.895582712,0.899851359,0.886898865,,,,,,,,,,,,
10855.82,10743.55,10592.72,10926.91,1.001404355,0.964135321,0.968412631,0.95544487,,,,,,,,,,,,
10926.91,10855.82,10743.55,10942.75,1.033413209,1.015162315,1.019446073,1.006466947,,,,,,,,,,,,
10942.75,10926.91,10855.82,10959.71,1.040545299,1.047472897,1.051760738,1.038774416,,,,,,,,,,,,
10959.71,10942.75,10926.91,10886.42,1.048181677,1.054672216,1.058960967,1.045973042,,,,,,,,,,,,
10886.42,10959.71,10942.75,10880.2,1.015182256,1.062380578,1.066670303,1.053680661,,,,,,,,,,,,
10880.2,10886.42,10959.71,10924.5,1.01238165,1.029070091,1.033355607,1.020373383,,,,,,,,,,,,
10924.5,10880.2,10886.42,10909.31,1.032328087,1.026243086,1.030528244,1.01754665,,,,,,,,,,,,
10909.31,10924.5,10880.2,11167.04,1.025488665,1.046377546,1.050665248,1.03767917,,,,,,,,,,,,
11167.04,10909.31,10924.5,11399.83,1.141533705,1.039473653,1.043760483,1.030775943,,,,,,,,,,,,
11399.83,11167.04,10909.31,11565.25,1.246349307,1.156612578,1.160914211,1.147903582,,,,,,,,,,,,
11565.25,11399.83,11167.04,11528.27,1.320831015,1.262416211,1.266731214,1.253697021,,,,,,,,,,,,
11528.27,11565.25,11399.83,11327.71,1.304180467,1.337600012,1.341924516,1.328873579,,,,,,,,,,,,
11327.71,11528.27,11565.25,11010.59,1.213876687,1.32079251,1.32511489,1.312067696,,,,,,,,,,,,
11010.59,11327.71,11528.27,10945.35,1.071090813,1.229637492,1.233948353,1.22092146,,,,,,,,,,,,
10945.35,11010.59,11327.71,11246.71,1.04171597,1.085505664,1.089798312,1.076803519,,,,,,,,,,,,
11246.71,10945.35,11010.59,11012.4,1.177405774,1.055853922,1.060142823,1.047154634,,,,,,,,,,,,
11012.4,11246.71,10945.35,11017.51,1.071905781,1.192822791,1.197129,1.184110306,,,,,,,,,,,,
11017.51,11012.4,11246.71,10973.08,1.0742066,1.086328314,1.090621065,1.07762609,,,,,,,,,,,,
10973.08,11017.51,11012.4,10739.45,1.054201629,1.088650822,1.092943866,1.079948373,,,,,,,,,,,,
10739.45,10973.08,11017.51,10743.84,0.949007811,1.068457276,1.072747769,1.059756774,,,,,,,,,,,,
10743.84,10739.45,10973.08,10869.32,0.950984444,0.962271861,0.966548936,0.953581589,,,,,,,,,,,,
10869.32,10743.84,10739.45,10811.86,1.007482841,0.964267127,0.968544454,0.955576663,,,,,,,,,,,,
10811.86,10869.32,10743.84,10850.04,0.981611006,1.021298099,1.025582632,1.01260214,,,,,,,,,,,,
10850.04,10811.86,10869.32,10705.87,0.998801863,0.995182386,0.999463619,0.986488943,,,,,,,,,,,,
10705.87,10850.04,10811.86,10430.66,0.933888141,1.012535291,1.016818717,1.003840176,,,,,,,,,,,,
10430.66,10705.87,10850.04,10622.55,0.809972588,0.947009668,0.951284814,0.938320866,,,,,,,,,,,,
10622.55,10430.66,10705.87,10646.26,0.89637263,0.821926039,0.826185379,0.813249289,,,,,,,,,,,,
10646.26,10622.55,10430.66,10867.11,0.907048251,0.909140521,0.913410881,0.900455368,,,,,,,,,,,,
10867.11,10646.26,10622.55,10870.9,1.00648777,0.919916775,0.924188497,0.911230583,,,,,,,,,,,,
10870.9,10867.11,10646.26,10750.41,1.008194249,1.020293648,1.024578055,1.011597786,,,,,,,,,,,,
10750.41,10870.9,10867.11,10762.16,0.953942641,1.022016213,1.026300837,1.013320184,,,,,,,,,,,,
10762.16,10750.41,10870.9,10594.57,0.959233174,0.967253208,0.971530912,0.958562456,,,,,,,,,,,,
10594.57,10762.16,10750.41,10618.75,0.883774406,0.972593613,0.976871991,0.963902346,,,,,,,,,,,,
10618.75,10594.57,10762.16,10388.19,0.894661649,0.896423541,0.900692295,0.887739613,,,,,,,,,,,,
10388.19,10618.75,10594.57,10416,0.790850123,0.907413411,0.911683554,0.898728425,,,,,,,,,,,,
10416,10388.19,10618.75,10550.16,0.803371803,0.802623319,0.806880219,0.793948428,,,,,,,,,,,,
10550.16,10416,10388.19,10677.38,0.863778441,0.815263033,0.81952153,0.806586924,,,,,,,,,,,,
10677.38,10550.16,10416,10642.68,0.921060286,0.876239086,0.880505289,0.867557103,,,,,,,,,,,,
10642.68,10677.38,10550.16,10561.97,0.905436327,0.934060892,0.938334402,0.925373338,,,,,,,,,,,,
10561.97,10642.68,10677.38,10584.48,0.86909599,0.918289656,0.922561172,0.909603621,,,,,,,,,,,,
10584.48,10561.97,10642.68,10644.36,0.879231301,0.88160676,0.885873641,0.87292426,,,,,,,,,,,,
10644.36,10584.48,10561.97,10587.09,0.906192761,0.891837611,0.896105785,0.883154125,,,,,,,,,,,,
10587.09,10644.36,10584.48,10604.44,0.880406475,0.91905322,0.923324833,0.910367112,,,,,,,,,,,,
10604.44,10587.09,10644.36,10551.87,0.888218454,0.893023863,0.897292187,0.884340262,,,,,,,,,,,,
10551.87,10604.44,10587.09,10341.41,0.864548382,0.900909481,0.905178801,0.892225121,,,,,,,,,,,,
10341.41,10551.87,10604.44,10055.65,0.769787046,0.877016285,0.881282586,0.868334227,,,,,,,,,,,,
10055.65,10341.41,10551.87,10182.33,0.641121269,0.781361693,0.785615906,0.77268885,,,,,,,,,,,,
10182.33,10055.65,10341.41,9923.11,0.698159975,0.651483063,0.655720864,0.642822734,,,,,,,,,,,,
9923.11,10182.33,10055.65,9893.99,0.58144405,0.709059438,0.713304514,0.700393561,,,,,,,,,,,,
9893.99,9923.11,10182.33,10025.34,0.568332532,0.591243304,0.595473492,0.582588779,,,,,,,,,,,,
10025.34,9893.99,9923.11,10031.46,0.627473944,0.578008191,0.582236708,0.569354941,,,,,,,,,,,,
10031.46,10025.34,9893.99,10058.46,0.630229524,0.637707093,0.641943153,0.629048091,,,,,,,,,,,,
10058.46,10031.46,10025.34,10040.5,0.642386494,0.640488648,0.644725059,0.631829378,,,,,,,,,,,,
10040.5,10058.46,10031.46,10066.32,0.634299858,0.652760215,0.656998177,0.644099763,,,,,,,,,,,,
10066.32,10040.5,10058.46,10184.52,0.645925524,0.64459735,0.648834281,0.635937685,,,,,,,,,,,,
10184.52,10066.32,10040.5,10147.36,0.69914604,0.656332604,0.660571018,0.647671808,,,,,,,,,,,,
10147.36,10184.52,10066.32,10235.96,0.682414446,0.710054798,0.7143,0.701388826,,,,,,,,,,,,
10235.96,10147.36,10184.52,10405.21,0.722307321,0.693165486,0.697408554,0.684501141,,,,,,,,,,,,
10405.21,10235.96,10147.36,10374.36,0.798513518,0.733434406,0.737682563,0.724766181,,,,,,,,,,,,
10374.36,10405.21,10235.96,10359.06,0.784623053,0.810358951,0.814616829,0.801683315,,,,,,,,,,,,
10359.06,10374.36,10405.21,10425.46,0.777734103,0.796337549,0.800593655,0.787663264,,,,,,,,,,,,
10425.46,10359.06,10374.36,10507.52,0.807631246,0.789383661,0.793638889,0.780710046,,,,,,,,,,,,
10507.52,10425.46,10359.06,10590.59,0.844579432,0.819562626,0.823821667,0.810886104,,,,,,,,,,,,
10590.59,10507.52,10425.46,10617.11,0.881982379,0.8568591,0.861122854,0.848178984,,,,,,,,,,,,
10617.11,10590.59,10507.52,10640.71,0.893923226,0.894614621,0.898883146,0.885930868,,,,,,,,,,,,
10640.71,10617.11,10590.59,10641.31,0.904549319,0.906668027,0.910938075,0.897983112,,,,,,,,,,,,
10641.31,10640.71,10617.11,10705.87,0.904819473,0.917394286,0.921665689,0.908708337,,,,,,,,,,,,
10705.87,10641.31,10640.71,10705.32,0.933888141,0.917666987,0.921938425,0.908981013,,,,,,,,,,,,
10705.32,10705.87,10641.31,10856.74,0.933640499,0.947009668,0.951284814,0.938320866,,,,,,,,,,,,
10856.74,10705.32,10705.87,11031.08,1.001818593,0.946759691,0.951034806,0.938070914,,,,,,,,,,,,
11031.08,10856.74,10705.32,11105.34,1.080316604,1.015580457,1.019864268,1.006885049,,,,,,,,,,,,
11105.34,11031.08,10856.74,11272.33,1.113752776,1.09481842,1.099112244,1.086115378,,,,,,,,,,,,
11272.33,11105.34,11031.08,11348.62,1.188941389,1.128569775,1.132867864,1.119863481,,,,,,,,,,,,
11348.62,11272.33,11105.34,11589.64,1.223291585,1.204467144,1.208774825,1.195753538,,,,,,,,,,,,
11589.64,11348.62,11272.33,11632.04,1.331812811,1.239141139,1.243453201,1.230424192,,,,,,,,,,,,
11632.04,11589.64,11348.62,11728.08,1.350903758,1.348685327,1.353011232,1.339957826,,,,,,,,,,,,
11728.08,11632.04,11589.64,11867.09,1.394146554,1.367956233,1.372284573,1.359226875,,,,,,,,,,,,
11867.09,11728.08,11632.04,11844.65,1.456736943,1.411606651,1.415940507,1.402873088,,,,,,,,,,,,
11844.65,11867.09,11728.08,11629.75,1.446633149,1.474787041,1.479128881,1.466047391,,,,,,,,,,,,
11629.75,11844.65,11867.09,11643.53,1.349872667,1.464588006,1.468928557,1.455849338,,,,,,,,,,,,
11643.53,11629.75,11844.65,11454.76,1.356077225,1.366915422,1.37124363,1.358186164,,,,,,,,,,,,
11454.76,11643.53,11629.75,11467.96,1.271081988,1.373178466,1.377507466,1.364448605,,,,,,,,,,,,
11467.96,11454.76,11643.53,11379.4,1.277025396,1.287382033,1.29170019,1.278660438,,,,,,,,,,,,
11379.4,11467.96,11454.76,11577.76,1.237150532,1.293381465,1.297700381,1.284659292,,,,,,,,,,,,
11577.76,11379.4,11467.96,11463.18,1.326463744,1.253130725,1.257444555,1.24441243,,,,,,,,,,,,
11463.18,11577.76,11379.4,11520.62,1.274873162,1.343285838,1.34761106,1.334558857,,,,,,,,,,,,
11520.62,11463.18,11577.76,11542.98,1.300735992,1.291208943,1.295527585,1.28248698,,,,,,,,,,,,
11542.98,11520.62,11463.18,11607.84,1.310803765,1.317315566,1.321637507,1.308591087,,,,,,,,,,,,
11607.84,11542.98,11520.62,11393.97,1.34000751,1.327478242,1.331801466,1.318752784,,,,,,,,,,,,
11393.97,11607.84,11542.98,11376.12,1.243710794,1.356957273,1.361284223,1.348228974,,,,,,,,,,,,
11376.12,11393.97,11607.84,11179.97,1.235673685,1.259752827,1.264067493,1.251033894,,,,,,,,,,,,
11179.97,11376.12,11393.97,11207.79,1.147355544,1.251639957,1.255953599,1.242921806,,,,,,,,,,,,
11207.79,11179.97,11376.12,11133.35,1.159881726,1.162489295,1.166791671,1.153779733,,,,,,,,,,,,
11133.35,11207.79,11179.97,10899.71,1.126364507,1.175133554,1.179437528,1.166422774,,,,,,,,,,,,
10899.71,11133.35,11207.79,10923.9,1.021166187,1.141300389,1.145600087,1.132592869,,,,,,,,,,,,
10923.9,10899.71,11133.35,11146.27,1.032057932,1.035110429,1.039396708,1.026413139,,,,,,,,,,,,
11146.27,10923.9,10899.71,11283.87,1.132181843,1.046104844,1.050392512,1.037406495,,,,,,,,,,,,
11283.87,11146.27,10923.9,11413.12,1.194137368,1.147172561,1.151473001,1.138464475,,,,,,,,,,,,
11413.12,11283.87,11146.27,11407.87,1.252333238,1.209712103,1.214020446,1.200997991,,,,,,,,,,,,
11407.87,11413.12,11283.87,11404.95,1.249969382,1.268456549,1.272772315,1.259736778,,,,,,,,,,,,
11404.95,11407.87,11413.12,11276.66,1.248654629,1.266070411,1.270385876,1.257350869,,,,,,,,,,,,
11276.66,11404.95,11407.87,11310.9,1.190891007,1.264743264,1.269058561,1.25602385,,,,,,,,,,,,
11310.9,11276.66,11404.95,11374.03,1.206307847,1.20643514,1.210743069,1.197721344,,,,,,,,,,,,
11374.03,11310.9,11276.66,11141.29,1.234732646,1.221997305,1.226307201,1.21328201,,,,,,,,,,,,
11141.29,11374.03,11310.9,11331.35,1.129939557,1.250690047,1.255003568,1.241971987,,,,,,,,,,,,
11331.35,11141.29,11374.03,11296.62,1.215515627,1.144909139,1.149209293,1.136201271,,,,,,,,,,,,
11296.62,11331.35,11141.29,11294.98,1.19987816,1.231291881,1.235602951,1.22257569,,,,,,,,,,,,
11294.98,11296.62,11331.35,11301.62,1.199139737,1.21550701,1.219816085,1.20679234,,,,,,,,,,,,
11301.62,11294.98,11296.62,11328.47,1.202129451,1.214761626,1.219070607,1.206047027,,,,,,,,,,,,
11328.47,11301.62,11294.98,11233.56,1.214218883,1.217779522,1.222088885,1.209064633,,,,,,,,,,,,
11233.56,11328.47,11301.62,11221.51,1.171484879,1.229982914,1.234293818,1.221266849,,,,,,,,,,,,
11221.51,11233.56,11328.47,11271.5,1.166059268,1.186846083,1.191151537,1.178134174,,,,,,,,,,,,
11271.5,11221.51,11233.56,11276.51,1.188567675,1.181369328,1.18567409,1.172657947,,,,,,,,,,,,
11276.51,11271.5,11221.51,11432.74,1.190823468,1.204089907,1.20839754,1.195376337,,,,,,,,,,,,
11432.74,11276.51,11271.5,11414.86,1.261167303,1.206366965,1.210674885,1.197653175,,,,,,,,,,,,
11414.86,11432.74,11276.51,11596.08,1.253116687,1.277373888,1.281690781,1.268653257,,,,,,,,,,,,
11596.08,11414.86,11432.74,11655.64,1.334712474,1.269247383,1.27356325,1.260527536,,,,,,,,,,,,
11655.64,11596.08,11414.86,11676.59,1.361529851,1.351612323,1.355938598,1.34288454,,,,,,,,,,,,
11676.59,11655.64,11596.08,11773.9,1.37096276,1.378682491,1.383012187,1.3699521,,,,,,,,,,,,
11773.9,11676.59,11655.64,11894.96,1.414777383,1.388204318,1.392535217,1.37947301,,,,,,,,,,,,
11894.96,11773.9,11676.59,11905.92,1.469285638,1.432431955,1.436768443,1.423696385,,,,,,,,,,,,
11905.92,11894.96,11773.9,11977.74,1.474220468,1.487454026,1.491797466,1.478713155,,,,,,,,,,,,
11977.74,11905.92,11894.96,12004.59,1.50655801,1.492435373,1.496779443,1.483694022,,,,,,,,,,,,
